{
    "nexts": [
        {
            "id": "Test Next",
            "type": "TCP",
            "dialer": "",
            "remote": "192.168.3.102:1000",
            "option": ""
        }
    ],
    "fucks": [
        {
            "id": "Test Fuck",
            "next": [
                "Test Next"
            ],
            "mode": "default"
        }
    ],
    "rules": [
        {
            "id": "iperf",
            "dialer": "Test Fuck",
            "listen_addr": "",
            "listen_port": "10001",
            "remote_addr": "192.168.3.102",
            "remote_port": "5201",
            "trueip": false,
            "truev2": false,
            "mode": "tcp_and_udp"
        }
    ]
}
