[
    {
        "listen_addr": "",
        "listen_port": "10000",
        "remote_addr": "1.1.1.1",
        "remote_port": "10000",
        "dialer_addr": "",
        "trueip": false,
        "truev2": false,
        "mode": "tcp_and_udp",
        "usec": true,
        "opts": ""
    },
    {
        "listen_addr": "",
        "listen_port": "10001",
        "remote_addr": "1.1.1.1",
        "remote_port": "10001",
        "dialer_addr": "",
        "trueip": false,
        "truev2": false,
        "mode": "tls",
        "usec": true,
        "opts": "Host=one.one.one.one;Crt=default.crt;Sec=default.key"
    }
]
