[
    {
        "type": "TCP",
        "dialer": "",
        "listen": "",
        "remote": "1000",
        "option": "Premium=1"
    },
    {
        "type": "TLS",
        "dialer": "",
        "listen": "",
        "remote": "1001",
        "option": "Premium=1;Host=one.one.one.one;Crt=default.crt;Sec=default.key"
    },
    {
        "type": "WebSocket",
        "dialer": "",
        "listen": "",
        "remote": "1002",
        "option": "Premium=1;Host=one.one.one.one;Path=1145141919810;Server=nginx/1.21.5"
    }
]
