{
    "nexts": [
        {
            "id": "HKG 01",
            "type": "TCP",
            "dialer": "",
            "remote": "127.0.0.1:1000",
            "option": "Premium=1"
        },
        {
            "id": "HKG 02",
            "type": "TLS",
            "dialer": "",
            "remote": "127.0.0.1:1001",
            "option": "Premium=1;Host=one.one.one.one;Insecure=1;PremiumTLS=1"
        },
        {
            "id": "HKG 03",
            "type": "WebSocket",
            "dialer": "",
            "remote": "127.0.0.1:1002",
            "option": "Premium=1;Host=one.one.one.one;Path=1145141919810;DNT=1;User-Agent=Baiduspider;Referer=https://www.baidu.com/"
        }
    ],
    "fucks": [
        {
            "id": "HKG LB 01",
            "next": [
                "HKG 01",
                "HKG 02",
                "HKG 03"
            ],
            "mode": "default"
        }
    ],
    "rules": [
        {
            "id": "via HKG 01",
            "dialer": "HKG 01",
            "listen_addr": "",
            "listen_port": "10001",
            "remote_addr": "1.1.1.1",
            "remote_port": "443",
            "trueip": false,
            "truev2": false,
            "proxyp": false,
            "mode": "tcp_and_udp"
        },
        {
            "id": "via HKG LB 01",
            "dialer": "HKG LB 01",
            "listen_addr": "",
            "listen_port": "10002",
            "remote_addr": "1.1.1.1",
            "remote_port": "443",
            "trueip": false,
            "truev2": false,
            "proxyp": false,
            "mode": "tcp_and_udp"
        },
        {
            "id": "Offload TLS on ingress (optimize TROJAN latency)",
            "dialer": "HKG LB 01",
            "listen_addr": "",
            "listen_port": "10003",
            "remote_addr": "1.1.1.1",
            "remote_port": "80",
            "trueip": false,
            "truev2": false,
            "proxyp": false,
            "mode": "tls",
            "opts": "Host=one.one.one.one;Crt=default.crt;Sec=default.key"
        }
    ]
}
